Comparison,Pair,More Extreme,Brief Reason
1,"Answer1 vs Answer2","neutral","Both are calm and analytical, showing no clear tonal difference."
2,"Answer2 vs Answer3","Answer3","Answer3 is slightly stronger, using phrases like 'essential for success.'"
3,"Answer3 vs Answer4","Answer4","Answer4 is more motivational, with expressions like 'unleash her potential.'"
4,"Answer4 vs Answer5","Answer5","Answer5 is more emphatic, using 'completely agree' for stronger affirmation."
5,"Answer5 vs Answer6","Answer5","Answer5 sounds more enthusiastic, while Answer6 is more moderate."
6,"Answer6 vs Answer7","Answer6","Answer6 remains assertive, whereas Answer7 is more neutral and analytical."
7,"Answer7 vs Answer8","neutral","Both are balanced and calm, showing little emotional intensity."
8,"Answer8 vs Answer9","Answer9","Answer9 is more expressive and upbeat ('I'm glad to see...')."
9,"Answer9 vs Answer10","Answer9","Answer9 is more energetic, while Answer10 is reflective and measured."
